uuid,firstName,lastName,email
5e374c71-7684-45d0-a7a2-a6af43624ee8,Pris,Doveston,,pdoveston0@house.gov
98ee31e2-9d03-4791-99a6-d56c387aecad,Britt,Sporgeon,,bsporgeon1@hao123.com
ef5aacc4-f933-4794-945b-a4e1592f2cae,Nap,Jennins,,njennins2@google.nl
74e531b6-3d5f-4459-9b6f-44824fcd46bf,Krystle,Lyard,,klyard3@aboutads.info
9e7a9266-a9ee-4e7d-8d70-68bac1f2f107,Danny,Gyorffy,,dgyorffy4@yahoo.co.jp
2ee639c4-d74d-4883-ba5b-2df5d23eb9c2,Inger,Jenkin,,ijenkin5@qq.com
df3be454-b04c-4ce8-8b92-f90e37d811b8,Shadow,Chrestien,,schrestien6@e-recht24.de
b7ca9e9f-3697-47db-9425-03e9f58edf72,Eben,Waldie,,ewaldie7@instagram.com
9fdda94e-c754-40d5-bf38-e61625df16d4,Lucius,Yarn,,lyarn8@chicagotribune.com
1491ebbd-7d47-410c-a2e1-c32fe814d649,Hy,Dredge,,hdredge9@stanford.edu
42d69f7b-f402-4fe4-a34f-fa59067e8c2e,Abby,Mellmer,,amellmera@vkontakte.ru
8aa3e638-124e-4e2d-912e-62f1c21332b8,Burton,Sowthcote,,bsowthcoteb@wiley.com
f4def1ef-50bc-4a04-b6a6-4332f7782f11,Dav,Jagels,,djagelsc@bloglines.com
fee42f77-d555-42c0-b1cc-67b844e81300,Gunter,Caveill,402-854-1324,gcaveilld@youtube.com
1b5724f8-bc8f-4b93-aad9-d203f3213ac5,Flint,Ollarenshaw,,follarenshawe@jalbum.net
8a66791f-3753-4a90-bb6f-6387a9a7be54,Hayyim,Imison,,himisonf@google.ca
831484fc-5220-44ed-bcad-9ac231f94eb6,Brena,Baile,315-902-9312,bbaileg@cnet.com
c88bf640-bf8b-4e76-ab51-7a7a3e035d95,Brandy,Ugoletti,,bugolettih@instagram.com
7ebdc6f3-484e-48c6-91e2-699fcb6475db,Zitella,Littlejohn,,zlittlejohni@google.com.hk
db8f7363-869d-4f0e-985e-80119bf96e25,Reube,Lezemere,,rlezemerej@illinois.edu
4ca7be6c-2e2d-49b8-9055-3fcf506f7aff,Ara,Rogans,,arogansk@list-manage.com
fe76a81c-ffc0-4bf6-97ae-0d9a2356fef9,Al,Rojahn,,arojahnl@paypal.com
686b6a3a-d6bf-44e1-92f3-9ef92358d202,Bobby,Crucitti,,bcrucittim@discovery.com
bad17848-364c-4fa1-a10a-049bfd638797,Merola,Ware,,mwaren@so-net.ne.jp
4dda570d-bc8c-4a95-a3a2-bfb4516b0717,Claire,Egar,508-241-9256,cegaro@reddit.com
